participant_label,lottery_id,round_number,ce_observed,realized_period1_label,realized_period2_label
sub_1,lottery_1,1,6.6051,,
sub_1,lottery_2,1,-7.9864,,
sub_1,lottery_3,1,11.2599,,
sub_1,lottery_4,1,145.7946,,
sub_1,lottery_5,1,-306.9615,,
sub_1,lottery_6,1,-202.8341,,
sub_1,lottery_7,1,34.6919,,
sub_1,lottery_8,1,-95.2177,,
sub_1,lottery_9,1,-9.3982,,
sub_1,lottery_10,1,-9.8069,,
sub_1,lottery_11,1,10.4062,,
sub_1,lottery_12,1,10.738,,
sub_1,lottery_13,1,1.2292,,
sub_1,lottery_14,1,12.5779,,
sub_2,lottery_1,1,9.9185,,
sub_2,lottery_2,1,-8.1158,,
sub_2,lottery_3,1,7.2672,,
sub_2,lottery_4,1,-199.0932,,
sub_2,lottery_5,1,157.6792,,
sub_2,lottery_6,1,-20.6594,,
sub_2,lottery_7,1,-55.1162,,
sub_2,lottery_8,1,-242.7817,,
sub_2,lottery_9,1,279.1345,,
sub_2,lottery_10,1,-1.8031,,
sub_2,lottery_11,1,-4.349,,
sub_2,lottery_12,1,-3.4742,,
sub_2,lottery_13,1,8.2601,,
sub_2,lottery_14,1,4.7494,,
sub_3,lottery_1,1,8.9553,,
sub_3,lottery_2,1,14.8348,,
sub_3,lottery_3,1,35.31,,
sub_3,lottery_4,1,-87.2439,,
sub_3,lottery_5,1,-101.2031,,
sub_3,lottery_6,1,-154.4709,,
sub_3,lottery_7,1,189.2725,,
sub_3,lottery_8,1,382.1766,,
sub_3,lottery_9,1,-32.228,,
sub_3,lottery_10,1,-11.6277,,
sub_3,lottery_11,1,-9.2176,,
sub_3,lottery_12,1,10.7359,,
sub_3,lottery_13,1,11.1351,,
sub_3,lottery_14,1,7.0842,,
sub_4,lottery_1,1,-1.2819,,
sub_4,lottery_2,1,8.9575,,
sub_4,lottery_3,1,2.0496,,
sub_4,lottery_4,1,9.7423,,
sub_4,lottery_5,1,58.9428,,
sub_4,lottery_6,1,4.4676,,
sub_4,lottery_7,1,87.2765,,
sub_4,lottery_8,1,4.9733,,
sub_4,lottery_9,1,21.0774,,
sub_4,lottery_10,1,4.2191,,
sub_4,lottery_11,1,-6.4094,,
sub_4,lottery_12,1,-0.2713,,
sub_4,lottery_13,1,-2.3605,,
sub_4,lottery_14,1,-3.9973,,
sub_5,lottery_1,1,1.5697,,
sub_5,lottery_2,1,15.2004,,
sub_5,lottery_3,1,-2.8713,,
sub_5,lottery_4,1,49.2505,,
sub_5,lottery_5,1,-100.5042,,
sub_5,lottery_6,1,-29.4648,,
sub_5,lottery_7,1,17.1435,,
sub_5,lottery_8,1,56.0955,,
sub_5,lottery_9,1,42.9246,,
sub_5,lottery_10,1,3.92,,
sub_5,lottery_11,1,-0.1728,,
sub_5,lottery_12,1,-0.381,,
sub_5,lottery_13,1,4.166,,
sub_5,lottery_14,1,-1.1705,,
sub_6,lottery_1,1,-3.0225,,
sub_6,lottery_2,1,1.1768,,
sub_6,lottery_3,1,-3.1977,,
sub_6,lottery_4,1,21.9134,,
sub_6,lottery_5,1,0.9233,,
sub_6,lottery_6,1,25.4523,,
sub_6,lottery_7,1,-37.6027,,
sub_6,lottery_8,1,12.087,,
sub_6,lottery_9,1,37.6871,,
sub_6,lottery_10,1,-0.8978,,
sub_6,lottery_11,1,2.9152,,
sub_6,lottery_12,1,-1.2732,,
sub_6,lottery_13,1,-1.1702,,
sub_6,lottery_14,1,-1.9856,,
sub_7,lottery_1,1,-5.9261,,
sub_7,lottery_2,1,11.4662,,
sub_7,lottery_3,1,-2.3722,,
sub_7,lottery_4,1,-6.6815,,
sub_7,lottery_5,1,36.2,,
sub_7,lottery_6,1,26.6951,,
sub_7,lottery_7,1,101.2957,,
sub_7,lottery_8,1,-21.1225,,
sub_7,lottery_9,1,-53.6249,,
sub_7,lottery_10,1,-0.0939,,
sub_7,lottery_11,1,-9.2543,,
sub_7,lottery_12,1,-8.398,,
sub_7,lottery_13,1,-8.9048,,
sub_7,lottery_14,1,-7.0936,,
sub_8,lottery_1,1,7.1638,,
sub_8,lottery_2,1,-4.3428,,
sub_8,lottery_3,1,-3.1104,,
sub_8,lottery_4,1,177.726,,
sub_8,lottery_5,1,-54.9806,,
sub_8,lottery_6,1,82.9289,,
sub_8,lottery_7,1,-205.1968,,
sub_8,lottery_8,1,-56.0622,,
sub_8,lottery_9,1,-165.0209,,
sub_8,lottery_10,1,-3.102,,
sub_8,lottery_11,1,8.884,,
sub_8,lottery_12,1,-16.1911,,
sub_8,lottery_13,1,5.0094,,
sub_8,lottery_14,1,2.0123,,
sub_9,lottery_1,1,-3.8917,,
sub_9,lottery_2,1,-11.9272,,
sub_9,lottery_3,1,2.1523,,
sub_9,lottery_4,1,-86.1579,,
sub_9,lottery_5,1,25.2532,,
sub_9,lottery_6,1,-8.8138,,
sub_9,lottery_7,1,370.4646,,
sub_9,lottery_8,1,-66.6543,,
sub_9,lottery_9,1,-183.2736,,
sub_9,lottery_10,1,2.423,,
sub_9,lottery_11,1,3.2471,,
sub_9,lottery_12,1,16.0586,,
sub_9,lottery_13,1,9.5365,,
sub_9,lottery_14,1,3.3345,,
sub_10,lottery_1,1,12.538,,
sub_10,lottery_2,1,-2.0327,,
sub_10,lottery_3,1,-3.2529,,
sub_10,lottery_4,1,-88.6581,,
sub_10,lottery_5,1,-39.0731,,
sub_10,lottery_6,1,-119.5317,,
sub_10,lottery_7,1,88.3211,,
sub_10,lottery_8,1,-38.5645,,
sub_10,lottery_9,1,-156.2546,,
sub_10,lottery_10,1,-6.059,,
sub_10,lottery_11,1,2.9127,,
sub_10,lottery_12,1,6.8475,,
sub_10,lottery_13,1,13.2683,,
sub_10,lottery_14,1,17.492,,
sub_11,lottery_1,1,7.0905,,
sub_11,lottery_2,1,-4.7668,,
sub_11,lottery_3,1,-22.2171,,
sub_11,lottery_4,1,28.395,,
sub_11,lottery_5,1,-110.7183,,
sub_11,lottery_6,1,-62.2705,,
sub_11,lottery_7,1,-126.7594,,
sub_11,lottery_8,1,-38.0426,,
sub_11,lottery_9,1,162.8493,,
sub_11,lottery_10,1,2.0378,,
sub_11,lottery_11,1,-0.232,,
sub_11,lottery_12,1,-8.524,,
sub_11,lottery_13,1,-16.2958,,
sub_11,lottery_14,1,-5.0113,,
sub_12,lottery_1,1,2.3667,,
sub_12,lottery_2,1,24.3559,,
sub_12,lottery_3,1,2.4245,,
sub_12,lottery_4,1,97.8052,,
sub_12,lottery_5,1,-57.6136,,
sub_12,lottery_6,1,-126.1851,,
sub_12,lottery_7,1,-159.1882,,
sub_12,lottery_8,1,-141.392,,
sub_12,lottery_9,1,261.698,,
sub_12,lottery_10,1,-6.0437,,
sub_12,lottery_11,1,6.9599,,
sub_12,lottery_12,1,-5.4105,,
sub_12,lottery_13,1,7.82,,
sub_12,lottery_14,1,2.5353,,
sub_13,lottery_1,1,1.676,,
sub_13,lottery_2,1,6.9303,,
sub_13,lottery_3,1,-3.7623,,
sub_13,lottery_4,1,34.3841,,
sub_13,lottery_5,1,-47.6541,,
sub_13,lottery_6,1,-116.0243,,
sub_13,lottery_7,1,-186.071,,
sub_13,lottery_8,1,24.1058,,
sub_13,lottery_9,1,168.9054,,
sub_13,lottery_10,1,1.5865,,
sub_13,lottery_11,1,0.4284,,
sub_13,lottery_12,1,3.5347,,
sub_13,lottery_13,1,9.5565,,
sub_13,lottery_14,1,1.0854,,
sub_14,lottery_1,1,0.9587,,
sub_14,lottery_2,1,13.1405,,
sub_14,lottery_3,1,3.3428,,
sub_14,lottery_4,1,82.7317,,
sub_14,lottery_5,1,3.0646,,
sub_14,lottery_6,1,-76.6127,,
sub_14,lottery_7,1,-123.3177,,
sub_14,lottery_8,1,166.2925,,
sub_14,lottery_9,1,112.8335,,
sub_14,lottery_10,1,-0.312,,
sub_14,lottery_11,1,-0.3038,,
sub_14,lottery_12,1,7.7952,,
sub_14,lottery_13,1,-4.3819,,
sub_14,lottery_14,1,-4.0897,,
sub_15,lottery_1,1,6.1057,,
sub_15,lottery_2,1,4.8947,,
sub_15,lottery_3,1,1.2567,,
sub_15,lottery_4,1,-18.8631,,
sub_15,lottery_5,1,14.2378,,
sub_15,lottery_6,1,73.2621,,
sub_15,lottery_7,1,11.6787,,
sub_15,lottery_8,1,71.3444,,
sub_15,lottery_9,1,-167.4513,,
sub_15,lottery_10,1,0.2275,,
sub_15,lottery_11,1,-2.4979,,
sub_15,lottery_12,1,-4.3168,,
sub_15,lottery_13,1,-3.9178,,
sub_15,lottery_14,1,-1.9562,,
sub_16,lottery_1,1,6.9294,,
sub_16,lottery_2,1,0.2473,,
sub_16,lottery_3,1,1.4318,,
sub_16,lottery_4,1,-36.4439,,
sub_16,lottery_5,1,-25.2908,,
sub_16,lottery_6,1,41.4303,,
sub_16,lottery_7,1,51.583,,
sub_16,lottery_8,1,133.8422,,
sub_16,lottery_9,1,-16.8543,,
sub_16,lottery_10,1,-2.5584,,
sub_16,lottery_11,1,0.3017,,
sub_16,lottery_12,1,2.6146,,
sub_16,lottery_13,1,1.2019,,
sub_16,lottery_14,1,-4.8768,,
sub_17,lottery_1,1,4.2201,,
sub_17,lottery_2,1,11.4722,,
sub_17,lottery_3,1,43.1927,,
sub_17,lottery_4,1,376.1574,,
sub_17,lottery_5,1,-171.3365,,
sub_17,lottery_6,1,-64.5395,,
sub_17,lottery_7,1,-463.4528,,
sub_17,lottery_8,1,-216.6114,,
sub_17,lottery_9,1,69.3929,,
sub_17,lottery_10,1,18.6607,,
sub_17,lottery_11,1,-8.4561,,
sub_17,lottery_12,1,-8.0577,,
sub_17,lottery_13,1,-31.9607,,
sub_17,lottery_14,1,-2.7178,,
sub_18,lottery_1,1,-3.1871,,
sub_18,lottery_2,1,3.7586,,
sub_18,lottery_3,1,-3.993,,
sub_18,lottery_4,1,-14.8517,,
sub_18,lottery_5,1,-129.432,,
sub_18,lottery_6,1,-109.2142,,
sub_18,lottery_7,1,247.1792,,
sub_18,lottery_8,1,-171.6642,,
sub_18,lottery_9,1,-101.1505,,
sub_18,lottery_10,1,10.4886,,
sub_18,lottery_11,1,14.9949,,
sub_18,lottery_12,1,-4.6596,,
sub_18,lottery_13,1,-1.5749,,
sub_18,lottery_14,1,1.4008,,
sub_19,lottery_1,1,26.7568,,
sub_19,lottery_2,1,-8.825,,
sub_19,lottery_3,1,-2.3398,,
sub_19,lottery_4,1,133.3158,,
sub_19,lottery_5,1,67.1803,,
sub_19,lottery_6,1,-73.0917,,
sub_19,lottery_7,1,-35.589,,
sub_19,lottery_8,1,-442.6691,,
sub_19,lottery_9,1,-56.816,,
sub_19,lottery_10,1,-3.0985,,
sub_19,lottery_11,1,3.8684,,
sub_19,lottery_12,1,-5.6819,,
sub_19,lottery_13,1,6.7486,,
sub_19,lottery_14,1,12.5621,,
sub_20,lottery_1,1,5.6056,,
sub_20,lottery_2,1,14.7344,,
sub_20,lottery_3,1,2.3053,,
sub_20,lottery_4,1,-7.858,,
sub_20,lottery_5,1,-167.2908,,
sub_20,lottery_6,1,55.3809,,
sub_20,lottery_7,1,-33.4933,,
sub_20,lottery_8,1,861.9932,,
sub_20,lottery_9,1,428.375,,
sub_20,lottery_10,1,7.1826,,
sub_20,lottery_11,1,-10.4461,,
sub_20,lottery_12,1,-17.327,,
sub_20,lottery_13,1,21.1597,,
sub_20,lottery_14,1,3.9851,,
sub_21,lottery_1,1,4.9685,,
sub_21,lottery_2,1,-1.9691,,
sub_21,lottery_3,1,5.7364,,
sub_21,lottery_4,1,18.9329,,
sub_21,lottery_5,1,-68.7338,,
sub_21,lottery_6,1,-36.7067,,
sub_21,lottery_7,1,26.4069,,
sub_21,lottery_8,1,0.8518,,
sub_21,lottery_9,1,-26.3601,,
sub_21,lottery_10,1,0.0187,,
sub_21,lottery_11,1,0.1948,,
sub_21,lottery_12,1,2.2324,,
sub_21,lottery_13,1,6.8348,,
sub_21,lottery_14,1,-11.0282,,
sub_22,lottery_1,1,1.3362,,
sub_22,lottery_2,1,8.569,,
sub_22,lottery_3,1,3.2466,,
sub_22,lottery_4,1,-38.1775,,
sub_22,lottery_5,1,-141.7335,,
sub_22,lottery_6,1,12.2882,,
sub_22,lottery_7,1,221.0513,,
sub_22,lottery_8,1,-223.7921,,
sub_22,lottery_9,1,76.1773,,
sub_22,lottery_10,1,-1.5044,,
sub_22,lottery_11,1,0.8306,,
sub_22,lottery_12,1,-4.5949,,
sub_22,lottery_13,1,-1.5752,,
sub_22,lottery_14,1,7.0733,,
sub_23,lottery_1,1,7.6385,,
sub_23,lottery_2,1,24.1925,,
sub_23,lottery_3,1,11.697,,
sub_23,lottery_4,1,39.8508,,
sub_23,lottery_5,1,171.2154,,
sub_23,lottery_6,1,31.15,,
sub_23,lottery_7,1,142.1722,,
sub_23,lottery_8,1,-61.1303,,
sub_23,lottery_9,1,2.28,,
sub_23,lottery_10,1,-5.1205,,
sub_23,lottery_11,1,8.0804,,
sub_23,lottery_12,1,-7.6422,,
sub_23,lottery_13,1,6.7038,,
sub_23,lottery_14,1,-1.8343,,
sub_24,lottery_1,1,14.0099,,
sub_24,lottery_2,1,15.7353,,
sub_24,lottery_3,1,19.8586,,
sub_24,lottery_4,1,83.759,,
sub_24,lottery_5,1,-192.5398,,
sub_24,lottery_6,1,-19.2578,,
sub_24,lottery_7,1,-226.3338,,
sub_24,lottery_8,1,-118.5876,,
sub_24,lottery_9,1,215.5976,,
sub_24,lottery_10,1,6.3631,,
sub_24,lottery_11,1,-4.4925,,
sub_24,lottery_12,1,-7.5727,,
sub_24,lottery_13,1,0.7369,,
sub_24,lottery_14,1,-11.107,,
sub_25,lottery_1,1,-3.1007,,
sub_25,lottery_2,1,10.5124,,
sub_25,lottery_3,1,12.1339,,
sub_25,lottery_4,1,62.39,,
sub_25,lottery_5,1,-255.8937,,
sub_25,lottery_6,1,19.8437,,
sub_25,lottery_7,1,15.1409,,
sub_25,lottery_8,1,79.2291,,
sub_25,lottery_9,1,212.1473,,
sub_25,lottery_10,1,-17.09,,
sub_25,lottery_11,1,-3.2421,,
sub_25,lottery_12,1,6.4972,,
sub_25,lottery_13,1,-13.0261,,
sub_25,lottery_14,1,11.6067,,
sub_26,lottery_1,1,8.2522,,
sub_26,lottery_2,1,22.0141,,
sub_26,lottery_3,1,-7.7164,,
sub_26,lottery_4,1,149.8143,,
sub_26,lottery_5,1,187.6623,,
sub_26,lottery_6,1,28.8223,,
sub_26,lottery_7,1,72.8468,,
sub_26,lottery_8,1,87.3216,,
sub_26,lottery_9,1,-201.9836,,
sub_26,lottery_10,1,-1.6389,,
sub_26,lottery_11,1,-0.7513,,
sub_26,lottery_12,1,6.9358,,
sub_26,lottery_13,1,14.7185,,
sub_26,lottery_14,1,-14.8048,,
sub_27,lottery_1,1,2.2453,,
sub_27,lottery_2,1,15.1289,,
sub_27,lottery_3,1,-2.2845,,
sub_27,lottery_4,1,-56.3907,,
sub_27,lottery_5,1,4.1231,,
sub_27,lottery_6,1,33.0366,,
sub_27,lottery_7,1,3.2592,,
sub_27,lottery_8,1,132.9689,,
sub_27,lottery_9,1,52.976,,
sub_27,lottery_10,1,4.1308,,
sub_27,lottery_11,1,3.258,,
sub_27,lottery_12,1,11.4766,,
sub_27,lottery_13,1,-0.4587,,
sub_27,lottery_14,1,-8.6912,,
sub_28,lottery_1,1,19.4181,,
sub_28,lottery_2,1,1.6957,,
sub_28,lottery_3,1,2.4762,,
sub_28,lottery_4,1,169.8948,,
sub_28,lottery_5,1,-211.7101,,
sub_28,lottery_6,1,-164.3489,,
sub_28,lottery_7,1,-335.8256,,
sub_28,lottery_8,1,-193.6936,,
sub_28,lottery_9,1,63.6615,,
sub_28,lottery_10,1,5.7154,,
sub_28,lottery_11,1,3.5679,,
sub_28,lottery_12,1,-12.2309,,
sub_28,lottery_13,1,-22.6875,,
sub_28,lottery_14,1,0.1424,,
sub_29,lottery_1,1,-3.6205,,
sub_29,lottery_2,1,14.6496,,
sub_29,lottery_3,1,11.4872,,
sub_29,lottery_4,1,16.8191,,
sub_29,lottery_5,1,120.6383,,
sub_29,lottery_6,1,25.0688,,
sub_29,lottery_7,1,149.4727,,
sub_29,lottery_8,1,-225.4213,,
sub_29,lottery_9,1,-43.7393,,
sub_29,lottery_10,1,3.0608,,
sub_29,lottery_11,1,10.5937,,
sub_29,lottery_12,1,-3.483,,
sub_29,lottery_13,1,7.2985,,
sub_29,lottery_14,1,-3.7172,,
sub_30,lottery_1,1,1.7548,,
sub_30,lottery_2,1,16.0304,,
sub_30,lottery_3,1,-17.7623,,
sub_30,lottery_4,1,-160.171,,
sub_30,lottery_5,1,-170.8848,,
sub_30,lottery_6,1,-257.9625,,
sub_30,lottery_7,1,-121.6887,,
sub_30,lottery_8,1,149.854,,
sub_30,lottery_9,1,-45.3505,,
sub_30,lottery_10,1,2.1819,,
sub_30,lottery_11,1,9.393,,
sub_30,lottery_12,1,12.8184,,
sub_30,lottery_13,1,-0.165,,
sub_30,lottery_14,1,10.8075,,
sub_31,lottery_1,1,3.2225,,
sub_31,lottery_2,1,2.839,,
sub_31,lottery_3,1,-1.5684,,
sub_31,lottery_4,1,-95.2296,,
sub_31,lottery_5,1,-56.3964,,
sub_31,lottery_6,1,-30.6907,,
sub_31,lottery_7,1,75.9398,,
sub_31,lottery_8,1,173.5212,,
sub_31,lottery_9,1,-101.6253,,
sub_31,lottery_10,1,2.1777,,
sub_31,lottery_11,1,-2.8017,,
sub_31,lottery_12,1,3.6015,,
sub_31,lottery_13,1,-0.1365,,
sub_31,lottery_14,1,-7.9748,,
sub_32,lottery_1,1,6.9852,,
sub_32,lottery_2,1,4.0707,,
sub_32,lottery_3,1,-1.278,,
sub_32,lottery_4,1,-70.9933,,
sub_32,lottery_5,1,-43.4177,,
sub_32,lottery_6,1,10.9623,,
sub_32,lottery_7,1,-15.1523,,
sub_32,lottery_8,1,29.438,,
sub_32,lottery_9,1,18.8051,,
sub_32,lottery_10,1,6.2138,,
sub_32,lottery_11,1,-0.1502,,
sub_32,lottery_12,1,-4.6926,,
sub_32,lottery_13,1,5.0762,,
sub_32,lottery_14,1,-1.7523,,
sub_33,lottery_1,1,11.6964,,
sub_33,lottery_2,1,10.878,,
sub_33,lottery_3,1,0.1692,,
sub_33,lottery_4,1,28.5889,,
sub_33,lottery_5,1,184.7849,,
sub_33,lottery_6,1,183.3617,,
sub_33,lottery_7,1,13.4919,,
sub_33,lottery_8,1,24.8032,,
sub_33,lottery_9,1,125.5101,,
sub_33,lottery_10,1,-6.0502,,
sub_33,lottery_11,1,3.3953,,
sub_33,lottery_12,1,1.3892,,
sub_33,lottery_13,1,2.8536,,
sub_33,lottery_14,1,-6.5055,,
sub_34,lottery_1,1,-13.4081,,
sub_34,lottery_2,1,-17.6299,,
sub_34,lottery_3,1,-10.8742,,
sub_34,lottery_4,1,-69.2271,,
sub_34,lottery_5,1,-43.9938,,
sub_34,lottery_6,1,221.0441,,
sub_34,lottery_7,1,232.2542,,
sub_34,lottery_8,1,-230.318,,
sub_34,lottery_9,1,48.2433,,
sub_34,lottery_10,1,-3.5455,,
sub_34,lottery_11,1,-1.2973,,
sub_34,lottery_12,1,3.3696,,
sub_34,lottery_13,1,6.5397,,
sub_34,lottery_14,1,-3.5683,,
sub_35,lottery_1,1,11.7141,,
sub_35,lottery_2,1,-3.9823,,
sub_35,lottery_3,1,1.3413,,
sub_35,lottery_4,1,277.249,,
sub_35,lottery_5,1,15.9283,,
sub_35,lottery_6,1,129.5993,,
sub_35,lottery_7,1,17.8325,,
sub_35,lottery_8,1,107.2497,,
sub_35,lottery_9,1,-13.48,,
sub_35,lottery_10,1,-0.9101,,
sub_35,lottery_11,1,-4.3582,,
sub_35,lottery_12,1,4.9863,,
sub_35,lottery_13,1,-6.4574,,
sub_35,lottery_14,1,4.7621,,
sub_36,lottery_1,1,13.0858,,
sub_36,lottery_2,1,11.3654,,
sub_36,lottery_3,1,-1.6068,,
sub_36,lottery_4,1,48.4886,,
sub_36,lottery_5,1,-43.1577,,
sub_36,lottery_6,1,92.6331,,
sub_36,lottery_7,1,-351.4095,,
sub_36,lottery_8,1,-77.6787,,
sub_36,lottery_9,1,-295.4803,,
sub_36,lottery_10,1,-13.2177,,
sub_36,lottery_11,1,12.0592,,
sub_36,lottery_12,1,9.5906,,
sub_36,lottery_13,1,-6.1527,,
sub_36,lottery_14,1,-13.4989,,
sub_37,lottery_1,1,-35.3804,,
sub_37,lottery_2,1,-0.9686,,
sub_37,lottery_3,1,34.5425,,
sub_37,lottery_4,1,65.5714,,
sub_37,lottery_5,1,-96.0069,,
sub_37,lottery_6,1,58.8453,,
sub_37,lottery_7,1,-407.7661,,
sub_37,lottery_8,1,-92.6695,,
sub_37,lottery_9,1,13.4774,,
sub_37,lottery_10,1,-0.6033,,
sub_37,lottery_11,1,9.7547,,
sub_37,lottery_12,1,5.777,,
sub_37,lottery_13,1,8.756,,
sub_37,lottery_14,1,-8.5543,,
sub_38,lottery_1,1,12.562,,
sub_38,lottery_2,1,28.1206,,
sub_38,lottery_3,1,-9.9579,,
sub_38,lottery_4,1,-134.3236,,
sub_38,lottery_5,1,171.8803,,
sub_38,lottery_6,1,-36.1996,,
sub_38,lottery_7,1,313.1718,,
sub_38,lottery_8,1,-115.1585,,
sub_38,lottery_9,1,236.3794,,
sub_38,lottery_10,1,1.8498,,
sub_38,lottery_11,1,3.5214,,
sub_38,lottery_12,1,17.6391,,
sub_38,lottery_13,1,-3.3656,,
sub_38,lottery_14,1,-9.8059,,
sub_39,lottery_1,1,-0.7128,,
sub_39,lottery_2,1,11.4587,,
sub_39,lottery_3,1,-11.824,,
sub_39,lottery_4,1,57.7226,,
sub_39,lottery_5,1,-59.2595,,
sub_39,lottery_6,1,94.3906,,
sub_39,lottery_7,1,-380.9424,,
sub_39,lottery_8,1,-146.5727,,
sub_39,lottery_9,1,-209.2983,,
sub_39,lottery_10,1,-5.7999,,
sub_39,lottery_11,1,2.7939,,
sub_39,lottery_12,1,0.2554,,
sub_39,lottery_13,1,-1.4887,,
sub_39,lottery_14,1,-1.5288,,
sub_40,lottery_1,1,4.3828,,
sub_40,lottery_2,1,-1.9205,,
sub_40,lottery_3,1,7.1229,,
sub_40,lottery_4,1,59.3976,,
sub_40,lottery_5,1,29.6662,,
sub_40,lottery_6,1,39.039,,
sub_40,lottery_7,1,49.0082,,
sub_40,lottery_8,1,357.8569,,
sub_40,lottery_9,1,-16.5338,,
sub_40,lottery_10,1,-1.8297,,
sub_40,lottery_11,1,-3.7748,,
sub_40,lottery_12,1,-5.965,,
sub_40,lottery_13,1,-8.8813,,
sub_40,lottery_14,1,-6.7235,,
sub_41,lottery_1,1,1.738,,
sub_41,lottery_2,1,13.2368,,
sub_41,lottery_3,1,2.1104,,
sub_41,lottery_4,1,-159.8017,,
sub_41,lottery_5,1,160.943,,
sub_41,lottery_6,1,120.1011,,
sub_41,lottery_7,1,-47.0587,,
sub_41,lottery_8,1,-231.8821,,
sub_41,lottery_9,1,121.1916,,
sub_41,lottery_10,1,3.2193,,
sub_41,lottery_11,1,-17.3573,,
sub_41,lottery_12,1,0.6122,,
sub_41,lottery_13,1,4.2678,,
sub_41,lottery_14,1,-12.9355,,
sub_42,lottery_1,1,5.1117,,
sub_42,lottery_2,1,-13.5161,,
sub_42,lottery_3,1,18.5807,,
sub_42,lottery_4,1,190.6799,,
sub_42,lottery_5,1,-44.8989,,
sub_42,lottery_6,1,40.2315,,
sub_42,lottery_7,1,-594.0645,,
sub_42,lottery_8,1,-327.3288,,
sub_42,lottery_9,1,-60.89,,
sub_42,lottery_10,1,-12.1081,,
sub_42,lottery_11,1,8.4732,,
sub_42,lottery_12,1,24.4753,,
sub_42,lottery_13,1,-13.3688,,
sub_42,lottery_14,1,-9.749,,
sub_43,lottery_1,1,3.8674,,
sub_43,lottery_2,1,15.8161,,
sub_43,lottery_3,1,-4.5827,,
sub_43,lottery_4,1,6.8152,,
sub_43,lottery_5,1,93.9771,,
sub_43,lottery_6,1,-99.2591,,
sub_43,lottery_7,1,-115.3272,,
sub_43,lottery_8,1,-48.4218,,
sub_43,lottery_9,1,-42.1323,,
sub_43,lottery_10,1,4.0037,,
sub_43,lottery_11,1,2.0707,,
sub_43,lottery_12,1,-5.9596,,
sub_43,lottery_13,1,2.6758,,
sub_43,lottery_14,1,-2.7734,,
sub_44,lottery_1,1,13.298,,
sub_44,lottery_2,1,1.1931,,
sub_44,lottery_3,1,-4.3046,,
sub_44,lottery_4,1,50.5203,,
sub_44,lottery_5,1,70.3449,,
sub_44,lottery_6,1,31.7247,,
sub_44,lottery_7,1,-280.6707,,
sub_44,lottery_8,1,97.2795,,
sub_44,lottery_9,1,-136.8203,,
sub_44,lottery_10,1,2.3409,,
sub_44,lottery_11,1,-8.7436,,
sub_44,lottery_12,1,5.0536,,
sub_44,lottery_13,1,-5.9841,,
sub_44,lottery_14,1,-10.1129,,
sub_45,lottery_1,1,10.2561,,
sub_45,lottery_2,1,10.2468,,
sub_45,lottery_3,1,-5.5488,,
sub_45,lottery_4,1,190.65,,
sub_45,lottery_5,1,-63.8121,,
sub_45,lottery_6,1,-7.7701,,
sub_45,lottery_7,1,59.4203,,
sub_45,lottery_8,1,-153.2907,,
sub_45,lottery_9,1,69.2469,,
sub_45,lottery_10,1,-4.9117,,
sub_45,lottery_11,1,-2.4747,,
sub_45,lottery_12,1,15.0123,,
sub_45,lottery_13,1,-10.062,,
sub_45,lottery_14,1,-23.594,,
sub_46,lottery_1,1,25.5663,,
sub_46,lottery_2,1,49.6954,,
sub_46,lottery_3,1,-4.8224,,
sub_46,lottery_4,1,-366.631,,
sub_46,lottery_5,1,-61.2031,,
sub_46,lottery_6,1,-59.3404,,
sub_46,lottery_7,1,-52.4952,,
sub_46,lottery_8,1,-366.3524,,
sub_46,lottery_9,1,119.4501,,
sub_46,lottery_10,1,7.6318,,
sub_46,lottery_11,1,-16.6756,,
sub_46,lottery_12,1,10.9131,,
sub_46,lottery_13,1,28.4663,,
sub_46,lottery_14,1,1.8638,,
sub_47,lottery_1,1,0.4745,,
sub_47,lottery_2,1,6.1203,,
sub_47,lottery_3,1,5.8244,,
sub_47,lottery_4,1,-164.8385,,
sub_47,lottery_5,1,6.9198,,
sub_47,lottery_6,1,-43.5271,,
sub_47,lottery_7,1,262.8208,,
sub_47,lottery_8,1,-32.289,,
sub_47,lottery_9,1,170.8475,,
sub_47,lottery_10,1,-6.9115,,
sub_47,lottery_11,1,4.5827,,
sub_47,lottery_12,1,3.6707,,
sub_47,lottery_13,1,-5.3773,,
sub_47,lottery_14,1,0.7551,,
sub_48,lottery_1,1,15.7078,,
sub_48,lottery_2,1,3.22,,
sub_48,lottery_3,1,-17.9161,,
sub_48,lottery_4,1,-10.3277,,
sub_48,lottery_5,1,-125.5154,,
sub_48,lottery_6,1,-54.6124,,
sub_48,lottery_7,1,-15.4869,,
sub_48,lottery_8,1,-421.9453,,
sub_48,lottery_9,1,-269.9404,,
sub_48,lottery_10,1,5.4266,,
sub_48,lottery_11,1,-3.5438,,
sub_48,lottery_12,1,-24.1863,,
sub_48,lottery_13,1,8.5054,,
sub_48,lottery_14,1,2.2958,,
sub_49,lottery_1,1,-2.3525,,
sub_49,lottery_2,1,-3.9341,,
sub_49,lottery_3,1,7.7294,,
sub_49,lottery_4,1,25.2324,,
sub_49,lottery_5,1,205.3149,,
sub_49,lottery_6,1,24.0584,,
sub_49,lottery_7,1,59.3529,,
sub_49,lottery_8,1,-32.3321,,
sub_49,lottery_9,1,84.412,,
sub_49,lottery_10,1,4.8369,,
sub_49,lottery_11,1,8.7932,,
sub_49,lottery_12,1,-1.9751,,
sub_49,lottery_13,1,-2.6088,,
sub_49,lottery_14,1,-3.5705,,
sub_50,lottery_1,1,9.9878,,
sub_50,lottery_2,1,23.3,,
sub_50,lottery_3,1,-3.159,,
sub_50,lottery_4,1,-58.4431,,
sub_50,lottery_5,1,28.065,,
sub_50,lottery_6,1,-37.9962,,
sub_50,lottery_7,1,178.4529,,
sub_50,lottery_8,1,-474.8056,,
sub_50,lottery_9,1,-121.3601,,
sub_50,lottery_10,1,-6.3981,,
sub_50,lottery_11,1,-16.6378,,
sub_50,lottery_12,1,-6.6791,,
sub_50,lottery_13,1,-7.5983,,
sub_50,lottery_14,1,-2.0605,,
